input_path,category,source,state
horizon_hours,운전시간·초기상태,실제 공장 담당자 확인 필요,NOT_PROVIDED
fixed_background_15m,15분 부하·재기동 안전,실제 공장 담당자 확인 필요,NOT_PROVIDED
power_unit,15분 부하·재기동 안전,실제 공장 담당자 확인 필요,NOT_PROVIDED
background_excludes_equipment,15분 부하·재기동 안전,실제 공장 담당자 확인 필요,NOT_PROVIDED
profile_source_verified,15분 부하·재기동 안전,실제 공장 담당자 확인 필요,NOT_PROVIDED
materials,물질수지·완충재고,실제 공장 담당자 확인 필요,NOT_PROVIDED
equipment.id,분석 구간·설비 식별,실제 공장 담당자 확인 필요,NOT_PROVIDED
equipment.mode,제품전환·연속/배치,실제 공장 담당자 확인 필요,NOT_PROVIDED
equipment.power_profile_15m,15분 부하·재기동 안전,실제 공장 담당자 확인 필요,NOT_PROVIDED
equipment.startup_extra_first_15m,분석 구간·설비 식별,실제 공장 담당자 확인 필요,NOT_PROVIDED
equipment.safe_power_15m_min,15분 부하·재기동 안전,실제 공장 담당자 확인 필요,NOT_PROVIDED
equipment.safe_power_15m_max,15분 부하·재기동 안전,실제 공장 담당자 확인 필요,NOT_PROVIDED
equipment.max_power_ramp_per_15m,15분 부하·재기동 안전,실제 공장 담당자 확인 필요,NOT_PROVIDED
equipment.material_delta_by_product,물질수지·완충재고,실제 공장 담당자 확인 필요,NOT_PROVIDED
equipment.allowed_products,제품전환·연속/배치,실제 공장 담당자 확인 필요,NOT_PROVIDED
equipment.changeover_off_hours,제품전환·연속/배치,실제 공장 담당자 확인 필요,NOT_PROVIDED
equipment.min_on_hours,운전시간·초기상태,실제 공장 담당자 확인 필요,NOT_PROVIDED
equipment.min_off_hours,운전시간·초기상태,실제 공장 담당자 확인 필요,NOT_PROVIDED
equipment.batch_hours,제품전환·연속/배치,실제 공장 담당자 확인 필요,NOT_PROVIDED
equipment.required_on_hours,운전시간·초기상태,실제 공장 담당자 확인 필요,NOT_PROVIDED
equipment.max_starts,운전시간·초기상태,실제 공장 담당자 확인 필요,NOT_PROVIDED
equipment.availability_hourly,설비 가용성,실제 공장 담당자 확인 필요,NOT_PROVIDED
equipment.prior_state.on,운전시간·초기상태,실제 공장 담당자 확인 필요,NOT_PROVIDED
equipment.prior_state.duration_hours,운전시간·초기상태,실제 공장 담당자 확인 필요,NOT_PROVIDED
equipment.prior_state.last_product,제품전환·연속/배치,실제 공장 담당자 확인 필요,NOT_PROVIDED
equipment.safety_approved,안전·품질 승인,실제 공장 담당자 확인 필요,NOT_PROVIDED
equipment.quality_approved,안전·품질 승인,실제 공장 담당자 확인 필요,NOT_PROVIDED
